Ligand_Name,Site_Number,With_Or_Without_Water,RMSD_Value,Mean,dG
Amentoflavone,Site1,WW,0,0,
Amentoflavone,Site1,WW,0.58718884,0,
Amentoflavone,Site1,WW,0.08450437,0,
Amentoflavone,Site1,WW,0.5925057,0.316049728,
Amentoflavone,Site1,WOW,0,0,
Amentoflavone,Site1,WOW,0.57535315,0,
Amentoflavone,Site1,WOW,0.3340681,0,
Amentoflavone,Site1,WOW,0.5812968,0.372679513,
Amentoflavone,Site2,WW,0,0,
Amentoflavone,Site2,WW,0.59676445,0,
Amentoflavone,Site2,WW,0.04621444,0,
Amentoflavone,Site2,WW,0.5991815,0.310540098,
Amentoflavone,Site2,WOW,0,0,
Amentoflavone,Site2,WOW,0.5894492,0,
Amentoflavone,Site2,WOW,0.20971157,0,
Amentoflavone,Site2,WOW,0.57895297,0.344528435,
Amentoflavone,Site3d,WW,0,0,
Amentoflavone,Site3d,WW,0.5773792,0,
Amentoflavone,Site3d,WW,0.058938775,0,
Amentoflavone,Site3d,WW,0.5779454,0.303565844,
Amentoflavone,Site3d,WOW,0,0,
Amentoflavone,Site3d,WOW,0.5851455,0,
Amentoflavone,Site3d,WOW,0.08406703,0,
Amentoflavone,Site3d,WOW,0.5818874,0.312774983,
Amentoflavone,Site3m,WW,0,0,
Amentoflavone,Site3m,WW,0.589369,0,
Amentoflavone,Site3m,WW,0.045195643,0,
Amentoflavone,Site3m,WW,0.559468,0.298508161,
Amentoflavone,Site3m,WOW,0,0,
Amentoflavone,Site3m,WOW,0.5584152,0,
Amentoflavone,Site3m,WOW,0.041866597,0,
Amentoflavone,Site3m,WOW,0.5514178,0.287924899,
Apigenin,Site1,WW,0.000143986,0,
Apigenin,Site1,WW,0.050363924,0,
Apigenin,Site1,WW,0.046588853,0,
Apigenin,Site1,WW,0.10791741,0.051253543,
Apigenin,Site1,WOW,0.000249392,0,
Apigenin,Site1,WOW,0.054075044,0,
Apigenin,Site1,WOW,0.036684588,0,
Apigenin,Site1,WOW,0.050565843,0.035393717,
Apigenin,Site2,WW,0,0,
Apigenin,Site2,WW,0.03167731,0,
Apigenin,Site2,WW,0.035898525,0,
Apigenin,Site2,WW,0.10590923,0.043371266,
Apigenin,Site2,WOW,0,0,
Apigenin,Site2,WOW,0.10843181,0,
Apigenin,Site2,WOW,0.048262905,0,
Apigenin,Site2,WOW,0.044157803,0.05021313,
Apigenin,Site3d,WW,0,0,
Apigenin,Site3d,WW,0.10515673,0,
Apigenin,Site3d,WW,0.041705597,0,
Apigenin,Site3d,WW,0.11660596,0.065867072,
Apigenin,Site3d,WOW,0.000143986,0,
Apigenin,Site3d,WOW,0.108270794,0,
Apigenin,Site3d,WOW,0.042003296,0,
Apigenin,Site3d,WOW,0.10649876,0.064229209,
Apigenin,Site3m,WW,0,0,
Apigenin,Site3m,WW,0.051381726,0,
Apigenin,Site3m,WW,0.03774913,0,
Apigenin,Site3m,WW,0.045956668,0.033771881,
Apigenin,Site3m,WOW,0,0,
Apigenin,Site3m,WOW,0.04343854,0,
Apigenin,Site3m,WOW,0.04450108,0,
Apigenin,Site3m,WOW,0.054604035,0.035635914,
Baricitinib,Site1,With_Water,0.00018794,0,
Baricitinib,Site1,With_Water,0.13938184,0,
Baricitinib,Site1,With_Water,0.13991451,0,
Baricitinib,Site1,With_Water,0.2547915,0.133568948,
Baricitinib,Site1,Without_Water,0,0,
Baricitinib,Site1,Without_Water,0.16225605,0,
Baricitinib,Site1,Without_Water,0.16188294,0,
Baricitinib,Site1,Without_Water,0.17304553,0.12429613,
Baricitinib,Site2,With_Water,0,0,
Baricitinib,Site2,With_Water,0.19287547,0,
Baricitinib,Site2,With_Water,0.07930225,0,
Baricitinib,Site2,With_Water,0.08045064,0.08815709,
Baricitinib,Site2,Without_Water,0.00018794,0,
Baricitinib,Site2,Without_Water,0.07461413,0,
Baricitinib,Site2,Without_Water,0.07418091,0,
Baricitinib,Site2,Without_Water,0.011682525,0.040166376,
Baricitinib,Site3d,With_Water,0,0,
Baricitinib,Site3d,With_Water,0.088324584,0,
Baricitinib,Site3d,With_Water,0.10754445,0,
Baricitinib,Site3d,With_Water,0.11337163,0.077310166,
Baricitinib,Site3d,Without_Water,0,0,
Baricitinib,Site3d,Without_Water,0.031355504,0,
Baricitinib,Site3d,Without_Water,0.21884568,0,
Baricitinib,Site3d,Without_Water,0.177623,0.106956046,
Baricitinib,Site3m,With_Water,0,0,
Baricitinib,Site3m,With_Water,0.19925593,0,
Baricitinib,Site3m,With_Water,0.011783375,0,
Baricitinib,Site3m,With_Water,0.004717245,0.053939138,
Baricitinib,Site3m,Without_Water,0,0,
Baricitinib,Site3m,Without_Water,0.21257894,0,
Baricitinib,Site3m,Without_Water,0.19683592,0,
Baricitinib,Site3m,Without_Water,0.21872376,0.157034655,
Berchemol,Site1,With_Water,0,0,
Berchemol,Site1,With_Water,0.051079944,0,
Berchemol,Site1,With_Water,0.047550704,0,
Berchemol,Site1,With_Water,0.057691358,0.039080502,
Berchemol,Site1,Without_Water,0,0,
Berchemol,Site1,Without_Water,0.03235993,0,
Berchemol,Site1,Without_Water,0.17065309,0,
Berchemol,Site1,Without_Water,0.05966036,0.065668345,
Berchemol,Site2,With_Water,0,0,
Berchemol,Site2,With_Water,0.037650906,0,
Berchemol,Site2,With_Water,0.20677388,0,
Berchemol,Site2,With_Water,0.19603156,0.110114087,
Berchemol,Site2,Without_Water,0,0,
Berchemol,Site2,Without_Water,0.040131923,0,
Berchemol,Site2,Without_Water,0.19371504,0,
Berchemol,Site2,Without_Water,0.056404684,0.072562912,
Berchemol,Site3d,With_Water,0,0,
Berchemol,Site3d,With_Water,0.18874748,0,
Berchemol,Site3d,With_Water,0.037276458,0,
Berchemol,Site3d,With_Water,0.055543453,0.070391848,
Berchemol,Site3d,Without_Water,0,0,
Berchemol,Site3d,Without_Water,0.047608573,0,
Berchemol,Site3d,Without_Water,0.034057964,0,
Berchemol,Site3d,Without_Water,0.04556748,0.031808504,
Berchemol,Site3m,With_Water,0.000175396,0,
Berchemol,Site3m,With_Water,0.054986514,0,
Berchemol,Site3m,With_Water,0.04389663,0,
Berchemol,Site3m,With_Water,0.03918713,0.034561418,
Berchemol,Site3m,Without_Water,0.000175396,0,
Berchemol,Site3m,Without_Water,0.044036575,0,
Berchemol,Site3m,Without_Water,0.049583063,0,
Berchemol,Site3m,Without_Water,0.0568166,0.037652909,
Beta,Site1,Without_Water,0,0,
Beta,Site1,Without_Water,0.120828,0,
Beta,Site1,Without_Water,0.075760596,0,
Beta,Site1,Without_Water,0.06860852,0.066299279,
Beta,Site2,With_Water,0,0,
Beta,Site2,With_Water,0.06463028,0,
Beta,Site2,With_Water,0.055205174,0,
Beta,Site2,With_Water,0.053452667,0.04332203,
Beta,Site2,Without_Water,0.000143986,0,
Beta,Site2,Without_Water,0.08956664,0,
Beta,Site2,Without_Water,0.04758785,0,
Beta,Site2,Without_Water,0.098977245,0.05906893,
Beta,Site3d,With_Water,0,0,
Beta,Site3d,With_Water,0.043623805,0,
Beta,Site3d,With_Water,0.0973819,0,
Beta,Site3d,With_Water,0.047939867,0.047236393,
Beta,Site3d,Without_Water,0,0,
Beta,Site3d,Without_Water,0.09695817,0,
Beta,Site3d,Without_Water,0.09268837,0,
Beta,Site3d,Without_Water,0.054927133,0.061143418,
Beta,Site3m,With_Water,0,0,
Beta,Site3m,With_Water,0.048384964,0,
Beta,Site3m,With_Water,0.035495467,0,
Beta,Site3m,With_Water,0.10381222,0.046923163,
Beta,Site3m,Without_Water,0,0,
Beta,Site3m,Without_Water,0.036235943,0,
Beta,Site3m,Without_Water,0.04006805,0,
Beta,Site3m,Without_Water,0.05909826,0.033850563,
Camostat,Site1,With_Water,0.000167479,0,
Camostat,Site1,With_Water,0.091131404,0,
Camostat,Site1,With_Water,0.1377444,0,
Camostat,Site1,With_Water,0.04333147,0.068093688,
Camostat,Site1,Without_Water,0,0,
Camostat,Site1,Without_Water,0.2792197,0,
Camostat,Site1,Without_Water,0.051966578,0,
Camostat,Site1,Without_Water,0.21230483,0.135872777,
Camostat,Site2,With_Water,0.000410238,0,
Camostat,Site2,With_Water,0.32073456,0,
Camostat,Site2,With_Water,0.22955072,0,
Camostat,Site2,With_Water,0.22525758,0.193988275,
Camostat,Site2,Without_Water,0,0,
Camostat,Site2,Without_Water,0.2635579,0,
Camostat,Site2,Without_Water,0.26474217,0,
Camostat,Site2,Without_Water,0.23488092,0.190795248,
Camostat,Site3d,With_Water,0.000236851,0,
Camostat,Site3d,With_Water,0.24550892,0,
Camostat,Site3d,With_Water,0.10534049,0,
Camostat,Site3d,With_Water,0.21435675,0.141360753,
Camostat,Site3d,Without_Water,0,0,
Camostat,Site3d,Without_Water,0.2725477,0,
Camostat,Site3d,Without_Water,0.2808394,0,
Camostat,Site3d,Without_Water,0.310152,0.215884775,
Camostat,Site3m,With_Water,0.000334958,0,
Camostat,Site3m,With_Water,0.03245121,0,
Camostat,Site3m,With_Water,0.008523352,0,
Camostat,Site3m,With_Water,0.054057103,0.023841656,
Camostat,Site3m,Without_Water,0.000236851,0,
Camostat,Site3m,Without_Water,0.016254965,0,
Camostat,Site3m,Without_Water,0.015173272,0,
Camostat,Site3m,Without_Water,0.012311706,0.010994199,
Chrysin,Site1,With_Water,0.000150687,0,
Chrysin,Site1,With_Water,0.114487216,0,
Chrysin,Site1,With_Water,0.039742786,0,
Chrysin,Site1,With_Water,0.039371397,0.048438022,
Chrysin,Site1,Without_Water,0,0,
Chrysin,Site1,Without_Water,0.034282506,0,
Chrysin,Site1,Without_Water,0.032363318,0,
Chrysin,Site1,Without_Water,0.05233457,0.029745099,
Chrysin,Site2,With_Water,0,0,
Chrysin,Site2,With_Water,0.045364756,0,
Chrysin,Site2,With_Water,0.042867698,0,
Chrysin,Site2,With_Water,0.035182077,0.030853633,
Chrysin,Site2,Without_Water,0,0,
Chrysin,Site2,Without_Water,0.011546981,0,
Chrysin,Site2,Without_Water,0.048294377,0,
Chrysin,Site2,Without_Water,0.107986145,0.041956876,
Chrysin,Site3d,With_Water,0,0,
Chrysin,Site3d,With_Water,0.10791063,0,
Chrysin,Site3d,With_Water,0.109731495,0,
Chrysin,Site3d,With_Water,0.11137696,0.082254771,
Chrysin,Site3d,Without_Water,0,0,
Chrysin,Site3d,Without_Water,0.045637477,0,
Chrysin,Site3d,Without_Water,0.042243417,0,
Chrysin,Site3d,Without_Water,0.049954683,0.034458894,
Chrysin,Site3m,With_Water,0,0,
Chrysin,Site3m,With_Water,0.024870181,0,
Chrysin,Site3m,With_Water,0.030895585,0,
Chrysin,Site3m,With_Water,0.040274855,0.024010155,
Chrysin,Site3m,Without_Water,0,0,
Chrysin,Site3m,Without_Water,0.032833144,0,
Chrysin,Site3m,Without_Water,0.042630002,0,
Chrysin,Site3m,Without_Water,0.004278021,0.019935292,
Curcumin,Site1,With_Water,0,0,
Curcumin,Site1,With_Water,0.19117512,0,
Curcumin,Site1,With_Water,0.22344744,0,
Curcumin,Site1,With_Water,0.17118204,0.14645115,
Curcumin,Site1,Without_Water,0,0,
Curcumin,Site1,Without_Water,0.22894917,0,
Curcumin,Site1,Without_Water,0.058891855,0,
Curcumin,Site1,Without_Water,0.20791285,0.123938469,
Curcumin,Site2,With_Water,0,0,
Curcumin,Site2,With_Water,0.14076185,0,
Curcumin,Site2,With_Water,0.20598686,0,
Curcumin,Site2,With_Water,0.2046627,0.137852853,
Curcumin,Site2,Without_Water,0,0,
Curcumin,Site2,Without_Water,0.17122419,0,
Curcumin,Site2,Without_Water,0.071211755,0,
Curcumin,Site2,Without_Water,0.17117482,0.103402691,
Curcumin,Site3d,With_Water,0,0,
Curcumin,Site3d,With_Water,0.090196274,0,
Curcumin,Site3d,With_Water,0.1546189,0,
Curcumin,Site3d,With_Water,0.2593725,0.126046919,
Curcumin,Site3d,Without_Water,0,0,
Curcumin,Site3d,Without_Water,0.26822734,0,
Curcumin,Site3d,Without_Water,0.18834792,0,
Curcumin,Site3d,Without_Water,0.19390921,0.162621118,
Curcumin,Site3m,With_Water,0,0,
Curcumin,Site3m,With_Water,0.23224396,0,
Curcumin,Site3m,With_Water,0.16288972,0,
Curcumin,Site3m,With_Water,0.059942607,0.113769072,
Curcumin,Site3m,Without_Water,0,0,
Curcumin,Site3m,Without_Water,0.11281203,0,
Curcumin,Site3m,Without_Water,0.18560961,0,
Curcumin,Site3m,Without_Water,0.19728829,0.123927483,
DAR_DIR,Site1,With_Water,0.000197295,0,
DAR_DIR,Site1,With_Water,0.3391503,0,
DAR_DIR,Site1,With_Water,0.55360055,0,
DAR_DIR,Site1,With_Water,0.43476623,0.331928594,
DAR_DIR,Site1,Without_Water,0,0,
DAR_DIR,Site1,Without_Water,0.3998534,0,
DAR_DIR,Site1,Without_Water,0.36305627,0,
DAR_DIR,Site1,Without_Water,0.38212267,0.286258085,
DAR_DIR,Site2,With_Water,0,0,
DAR_DIR,Site2,With_Water,0.3192264,0,
DAR_DIR,Site2,With_Water,0.39629304,0,
DAR_DIR,Site2,With_Water,0.34919393,0.266178343,
DAR_DIR,Site2,Without_Water,0.000197295,0,
DAR_DIR,Site2,Without_Water,0.3601452,0,
DAR_DIR,Site2,Without_Water,0.3286738,0,
DAR_DIR,Site2,Without_Water,0.2501506,0.234791724,
DAR_DIR,Site3d,With_Water,0,0,
DAR_DIR,Site3d,With_Water,0.16351506,0,
DAR_DIR,Site3d,With_Water,0.27964482,0,
DAR_DIR,Site3d,With_Water,0.24240752,0.17139185,
DAR_DIR,Site3d,Without_Water,0,0,
DAR_DIR,Site3d,Without_Water,0.29890034,0,
DAR_DIR,Site3d,Without_Water,0.41582668,0,
DAR_DIR,Site3d,Without_Water,0.12768947,0.210604123,
DAR_DIR,Site3m,With_Water,0,0,
DAR_DIR,Site3m,With_Water,0.3937687,0,
DAR_DIR,Site3m,With_Water,0.08382247,0,
DAR_DIR,Site3m,With_Water,0.39316973,0.217690225,
DAR_DIR,Site3m,Without_Water,0,0,
DAR_DIR,Site3m,Without_Water,0.02730101,0,
DAR_DIR,Site3m,Without_Water,0.03992296,0,
DAR_DIR,Site3m,Without_Water,0.03620465,0.025857155,
Diammonium,Site1,Without_Water,0.000173998,0,
Diammonium,Site1,Without_Water,0.04613414,0,
Diammonium,Site1,Without_Water,0.050252054,0,
Diammonium,Site1,Without_Water,0.053226676,0.037446717,
Diammonium,Site2,With_Water,0.000173998,0,
Diammonium,Site2,With_Water,0.03890796,0,
Diammonium,Site2,With_Water,0.04019735,0,
Diammonium,Site2,With_Water,0.041925624,0.030301233,
Diammonium,Site2,Without_Water,0,0,
Diammonium,Site2,Without_Water,0.039050873,0,
Diammonium,Site2,Without_Water,0.047168277,0,
Diammonium,Site2,Without_Water,0.040611718,0.031707717,
Diammonium,Site3d,With_Water,0,0,
Diammonium,Site3d,With_Water,0.01670292,0,
Diammonium,Site3d,With_Water,0.039953336,0,
Diammonium,Site3d,With_Water,0.03891574,0.023892999,
Diammonium,Site3d,Without_Water,0.000173998,0,
Diammonium,Site3d,Without_Water,0.03361319,0,
Diammonium,Site3d,Without_Water,0.05038833,0,
Diammonium,Site3d,Without_Water,0.032489244,0.029166191,
Diammonium,Site3m,With_Water,0,0,
Diammonium,Site3m,With_Water,0.04889102,0,
Diammonium,Site3m,With_Water,0.04377914,0,
Diammonium,Site3m,With_Water,0.039417792,0.033021988,
Diammonium,Site3m,Without_Water,0,0,
Diammonium,Site3m,Without_Water,0.030767685,0,
Diammonium,Site3m,Without_Water,0.044811886,0,
Diammonium,Site3m,Without_Water,0.038950346,0.028632479,
Fisetin,Site1,With_Water,0.000195313,0,
Fisetin,Site1,With_Water,0.051588017,0,
Fisetin,Site1,With_Water,0.44590357,0,
Fisetin,Site1,With_Water,0.44209355,0.234945113,
Fisetin,Site1,Without_Water,0,0,
Fisetin,Site1,Without_Water,0.041893963,0,
Fisetin,Site1,Without_Water,0.45116472,0,
Fisetin,Site1,Without_Water,0.45030802,0.235841676,
Fisetin,Site2,With_Water,0,0,
Fisetin,Site2,With_Water,0.029849604,0,
Fisetin,Site2,With_Water,0.44589442,0,
Fisetin,Site2,With_Water,0.4466695,0.230603381,
Fisetin,Site2,Without_Water,0,0,
Fisetin,Site2,Without_Water,0.14702317,0,
Fisetin,Site2,Without_Water,0.44913638,0,
Fisetin,Site2,Without_Water,0.44877067,0.261232555,
Fisetin,Site3d,With_Water,0,0,
Fisetin,Site3d,With_Water,0.16727789,0,
Fisetin,Site3d,With_Water,0.4453574,0,
Fisetin,Site3d,With_Water,0.43017644,0.260702933,
Fisetin,Site3d,Without_Water,0,0,
Fisetin,Site3d,Without_Water,0.05505769,0,
Fisetin,Site3d,Without_Water,0.4484813,0,
Fisetin,Site3d,Without_Water,0.44953305,0.23826801,
Fisetin,Site3m,Without_Water,0,0,
Fisetin,Site3m,Without_Water,0.05504591,0,
Fisetin,Site3m,Without_Water,0.44860768,0,
Fisetin,Site3m,Without_Water,0.456666,0.240079898,
Forsythoside_E,Site1,With_Water,0,0,
Forsythoside_E,Site1,With_Water,0.087777704,0,
Forsythoside_E,Site1,With_Water,0.1148956,0,
Forsythoside_E,Site1,With_Water,0.087777704,0.072612752,
Forsythoside_E,Site2,With_Water,0,0,
Forsythoside_E,Site2,With_Water,0.32571968,0,
Forsythoside_E,Site2,With_Water,0.13026609,0,
Forsythoside_E,Site2,With_Water,0.32789183,0.1959694,
Forsythoside_E,Site2,Without_Water,0,0,
Forsythoside_E,Site2,Without_Water,0.31114507,0,
Forsythoside_E,Site2,Without_Water,0.32058236,0,
Forsythoside_E,Site2,Without_Water,0.06472407,0.174112875,
Forsythoside_E,Site3d,With_Water,0,0,
Forsythoside_E,Site3d,With_Water,0.17491636,0,
Forsythoside_E,Site3d,With_Water,0.3972506,0,
Forsythoside_E,Site3d,With_Water,0.26754114,0.209927025,
Forsythoside_E,Site3d,Without_Water,0,0,
Forsythoside_E,Site3d,Without_Water,0.24455765,0,
Forsythoside_E,Site3d,Without_Water,0.091134265,0,
Forsythoside_E,Site3d,Without_Water,0.25796348,0.148413849,
Forsythoside_E,Site3m,With_Water,0,0,
Forsythoside_E,Site3m,With_Water,0.047088645,0,
Forsythoside_E,Site3m,With_Water,0.057041615,0,
Forsythoside_E,Site3m,With_Water,0.08020248,0.046083185,
Forsythoside_E,Site3m,Without_Water,0.000308816,0,
Forsythoside_E,Site3m,Without_Water,0.06252784,0,
Forsythoside_E,Site3m,Without_Water,0.12908775,0,
Forsythoside_E,Site3m,Without_Water,0.07187394,0.065949587,
Hydroxychloroquine,Site1,With_Water,0,0,
Hydroxychloroquine,Site1,With_Water,0.25030613,0,
Hydroxychloroquine,Site1,With_Water,0.20519122,0,
Hydroxychloroquine,Site1,With_Water,0.19405271,0.162387515,
Hydroxychloroquine,Site1,Without_Water,0,0,
Hydroxychloroquine,Site1,Without_Water,0.15021051,0,
Hydroxychloroquine,Site1,Without_Water,0.24085473,0,
Hydroxychloroquine,Site1,Without_Water,0.23826912,0.15733359,
Hydroxychloroquine,Site2,With_Water,0,0,
Hydroxychloroquine,Site2,With_Water,0.15756261,0,
Hydroxychloroquine,Site2,With_Water,0.14639708,0,
Hydroxychloroquine,Site2,With_Water,0.21372594,0.129421408,
Hydroxychloroquine,Site2,Without_Water,0.000135425,0,
Hydroxychloroquine,Site2,Without_Water,0.108902134,0,
Hydroxychloroquine,Site2,Without_Water,0.22034156,0,
Hydroxychloroquine,Site2,Without_Water,0.19645265,0.131457942,
Hydroxychloroquine,Site3d,With_Water,0,0,
Hydroxychloroquine,Site3d,With_Water,0.20875819,0,
Hydroxychloroquine,Site3d,With_Water,0.22539338,0,
Hydroxychloroquine,Site3d,With_Water,0.08128944,0.128860253,
Hydroxychloroquine,Site3d,Without_Water,0,0,
Hydroxychloroquine,Site3d,Without_Water,0.22403033,0,
Hydroxychloroquine,Site3d,Without_Water,0.19407204,0,
Hydroxychloroquine,Site3d,Without_Water,0.22204371,0.16003652,
Hydroxychloroquine,Site3m,With_Water,0.00019152,0,
Hydroxychloroquine,Site3m,With_Water,0.23691082,0,
Hydroxychloroquine,Site3m,With_Water,0.23209244,0,
Hydroxychloroquine,Site3m,With_Water,0.20751224,0.169176755,
Hydroxychloroquine,Site3m,Without_Water,0,0,
Hydroxychloroquine,Site3m,Without_Water,0.24358252,0,
Hydroxychloroquine,Site3m,Without_Water,0.15065533,0,
Hydroxychloroquine,Site3m,Without_Water,0.26388606,0.164530978,
Hypericin,Site1,WW,0.000147222,0,
Hypericin,Site1,WW,0.03904113,0,
Hypericin,Site1,WW,0.05685013,0,
Hypericin,Site1,WW,0.058756284,0.038698692,
Hypericin,Site1,WOW,0,0,
Hypericin,Site1,WOW,0.0484612,0,
Hypericin,Site1,WOW,0.047406964,0,
Hypericin,Site1,WOW,0.042532478,0.034600161,
Hypericin,Site2,WW,0,0,
Hypericin,Site2,WW,0.050019857,0,
Hypericin,Site2,WW,0.043292128,0,
Hypericin,Site2,WW,0.049471088,0.035695768,
Hypericin,Site2,WOW,0,0,
Hypericin,Site2,WOW,0.042765237,0,
Hypericin,Site2,WOW,0.048730593,0,
Hypericin,Site2,WOW,0.051475424,0.035742814,
Hyperoside,Site1,Without_Water,0,0,
Hyperoside,Site1,Without_Water,0.056800764,0,
Hyperoside,Site1,Without_Water,0.13623233,0,
Hyperoside,Site1,Without_Water,0.12773271,0.080191451,
Hyperoside,Site2,With_Water,0,0,
Hyperoside,Site2,With_Water,0.045145527,0,
Hyperoside,Site2,With_Water,0.05154864,0,
Hyperoside,Site2,With_Water,0.04566396,0.035589532,
Hyperoside,Site2,Without_Water,0,0,
Hyperoside,Site2,Without_Water,0.10167432,0,
Hyperoside,Site2,Without_Water,0.09659605,0,
Hyperoside,Site2,Without_Water,0.10318805,0.075364605,
Hyperoside,Site3d,With_Water,0,0,
Hyperoside,Site3d,With_Water,0.05093515,0,
Hyperoside,Site3d,With_Water,0.048845273,0,
Hyperoside,Site3d,With_Water,0.055101063,0.038720372,
Hyperoside,Site3d,Without_Water,0,0,
Hyperoside,Site3d,Without_Water,0.14619406,0,
Hyperoside,Site3d,Without_Water,0.1445677,0,
Hyperoside,Site3d,Without_Water,0.14580046,0.109140555,
Hyperoside,Site3m,With_Water,0.000152513,0,
Hyperoside,Site3m,With_Water,0.054900177,0,
Hyperoside,Site3m,With_Water,0.04015595,0,
Hyperoside,Site3m,With_Water,0.044558205,0.034941711,
Hyperoside,Site3m,Without_Water,0,0,
Hyperoside,Site3m,Without_Water,0.054075856,0,
Hyperoside,Site3m,Without_Water,0.06075589,0,
Hyperoside,Site3m,Without_Water,0.048140403,0.040743037,
Ivermectin,Site1,With_Water,0,0,
Ivermectin,Site1,With_Water,0.04122044,0,
Ivermectin,Site1,With_Water,0.1744955,0,
Ivermectin,Site1,With_Water,0.033062305,0.062194561,
Ivermectin,Site1,Without_Water,0,0,
Ivermectin,Site1,Without_Water,0.16263184,0,
Ivermectin,Site1,Without_Water,0.16363734,0,
Ivermectin,Site1,Without_Water,0.029407842,0.088919256,
Ivermectin,Site2,With_Water,0,0,
Ivermectin,Site2,With_Water,0.1710213,0,
Ivermectin,Site2,With_Water,0.03633184,0,
Ivermectin,Site2,With_Water,0.032360815,0.059928489,
Ivermectin,Site2,Without_Water,0.000484511,0,
Ivermectin,Site2,Without_Water,0.16714828,0,
Ivermectin,Site2,Without_Water,0.16887613,0,
Ivermectin,Site2,Without_Water,0.17038286,0.126722945,
Ivermectin,Site3d,With_Water,0.000342601,0,
Ivermectin,Site3d,With_Water,0.040661387,0,
Ivermectin,Site3d,With_Water,0.046427146,0,
Ivermectin,Site3d,With_Water,0.04542013,0.033212816,
Ivermectin,Site3d,Without_Water,0,0,
Ivermectin,Site3d,Without_Water,0.18881407,0,
Ivermectin,Site3d,Without_Water,0.053012423,0,
Ivermectin,Site3d,Without_Water,0.04549888,0.071831343,
Ivermectin,Site3m,With_Water,0.000342601,0,
Ivermectin,Site3m,With_Water,0.043666482,0,
Ivermectin,Site3m,With_Water,0.03665188,0,
Ivermectin,Site3m,With_Water,0.031717878,0.02809471,
Ivermectin,Site3m,Without_Water,0,0,
Ivermectin,Site3m,Without_Water,0.034449697,0,
Ivermectin,Site3m,Without_Water,0.0370215,0,
Ivermectin,Site3m,Without_Water,0.054797925,0.031567281,
Myricetin,Site1,With_Water,0,0,
Myricetin,Site1,With_Water,0.054097418,0,
Myricetin,Site1,With_Water,0.04863073,0,
Myricetin,Site1,With_Water,0.06141805,0.04103655,
Myricetin,Site1,Without_Water,0,0,
Myricetin,Site1,Without_Water,0.052646372,0,
Myricetin,Site1,Without_Water,0.059472244,0,
Myricetin,Site1,Without_Water,0.051577054,0.040923918,
Myricetin,Site2,With_Water,0,0,
Myricetin,Site2,With_Water,0.0487877,0,
Myricetin,Site2,With_Water,0.06679436,0,
Myricetin,Site2,With_Water,0.06888627,0.046117083,
Myricetin,Site2,Without_Water,0,0,
Myricetin,Site2,Without_Water,0.0539757,0,
Myricetin,Site2,Without_Water,0.052438267,0,
Myricetin,Site2,Without_Water,0.037793398,0.036051841,
Myricetin,Site3d,With_Water,0.000181343,0,
Myricetin,Site3d,With_Water,0.055643085,0,
Myricetin,Site3d,With_Water,0.04712688,0,
Myricetin,Site3d,With_Water,0.062610395,0.041390426,
Myricetin,Site3d,Without_Water,0.000181343,0,
Myricetin,Site3d,Without_Water,0.06577907,0,
Myricetin,Site3d,Without_Water,0.052425724,0,
Myricetin,Site3d,Without_Water,0.05426312,0.043162314,
Myricetin,Site3m,With_Water,0,0,
Myricetin,Site3m,With_Water,0.035893112,0,
Myricetin,Site3m,With_Water,0.0745126,0,
Myricetin,Site3m,With_Water,0.040899202,0.037826229,
Myricetin,Site3m,Without_Water,0,0,
Myricetin,Site3m,Without_Water,0.05541152,0,
Myricetin,Site3m,Without_Water,0.06062558,0,
Myricetin,Site3m,Without_Water,0.06295531,0.044748103,
Nelfinavir,Site1,With_Water,0.000205877,0,
Nelfinavir,Site1,With_Water,0.30672896,0,
Nelfinavir,Site1,With_Water,0.40636098,0,
Nelfinavir,Site1,With_Water,0.3052939,0.254647429,
Nelfinavir,Site1,Without_Water,0,0,
Nelfinavir,Site1,Without_Water,0.21896681,0,
Nelfinavir,Site1,Without_Water,0.10095744,0,
Nelfinavir,Site1,Without_Water,0.21040212,0.132581593,
Nelfinavir,Site2,With_Water,0,0,
Nelfinavir,Site2,With_Water,0.17397387,0,
Nelfinavir,Site2,With_Water,0.15603174,0,
Nelfinavir,Site2,With_Water,0.15164421,0.120412455,
Nelfinavir,Site2,Without_Water,0,0,
Nelfinavir,Site2,Without_Water,0.36554688,0,
Nelfinavir,Site2,Without_Water,0.23812582,0,
Nelfinavir,Site2,Without_Water,0.18731047,0.197745793,
Nelfinavir,Site3d,With_Water,0,0,
Nelfinavir,Site3d,With_Water,0.17041232,0,
Nelfinavir,Site3d,With_Water,0.2974147,0,
Nelfinavir,Site3d,With_Water,0.14438249,0.153052378,
Nelfinavir,Site3d,Without_Water,0,0,
Nelfinavir,Site3d,Without_Water,0.14265896,0,
Nelfinavir,Site3d,Without_Water,0.15297124,0,
Nelfinavir,Site3d,Without_Water,0.15893139,0.113640398,
Nelfinavir,Site3m,With_Water,0,0,
Nelfinavir,Site3m,With_Water,0.3305462,0,
Nelfinavir,Site3m,With_Water,0.26487076,0,
Nelfinavir,Site3m,With_Water,0.4177914,0.25330209,
Nelfinavir,Site3m,Without_Water,0.000205877,0,
Nelfinavir,Site3m,Without_Water,0.015243275,0,
Nelfinavir,Site3m,Without_Water,0.072741196,0,
Nelfinavir,Site3m,Without_Water,0.29520464,0.095848747,
Oroxylin_A,Site1,With_Water,0,0,
Oroxylin_A,Site1,With_Water,0.049557853,0,
Oroxylin_A,Site1,With_Water,0.04504539,0,
Oroxylin_A,Site1,With_Water,0.010435778,0.026259755,
Oroxylin_A,Site1,Without_Water,0,0,
Oroxylin_A,Site1,Without_Water,0.02495204,0,
Oroxylin_A,Site1,Without_Water,0.039426748,0,
Oroxylin_A,Site1,Without_Water,0.038046177,0.025606241,
Oroxylin_A,Site2,With_Water,0.000143986,0,
Oroxylin_A,Site2,With_Water,0.10441458,0,
Oroxylin_A,Site2,With_Water,0.10869267,0,
Oroxylin_A,Site2,With_Water,0.11029697,0.080887052,
Oroxylin_A,Site2,Without_Water,0.000143986,0,
Oroxylin_A,Site2,Without_Water,0.03361178,0,
Oroxylin_A,Site2,Without_Water,0.10805237,0,
Oroxylin_A,Site2,Without_Water,0.10746693,0.062318767,
Oroxylin_A,Site3d,With_Water,0.000249392,0,
Oroxylin_A,Site3d,With_Water,0.10947911,0,
Oroxylin_A,Site3d,With_Water,0.10709492,0,
Oroxylin_A,Site3d,With_Water,0.036395505,0.063304732,
Oroxylin_A,Site3d,Without_Water,0.000143986,0,
Oroxylin_A,Site3d,Without_Water,0.010259465,0,
Oroxylin_A,Site3d,Without_Water,0.03426813,0,
Oroxylin_A,Site3d,Without_Water,0.044694234,0.022341454,
Oroxylin_A,Site3m,With_Water,0,0,
Oroxylin_A,Site3m,With_Water,0.035291918,0,
Oroxylin_A,Site3m,With_Water,0.044366706,0,
Oroxylin_A,Site3m,With_Water,0.04642101,0.031519909,
Oroxylin_A,Site3m,Without_Water,0,0,
Oroxylin_A,Site3m,Without_Water,0.032172155,0,
Oroxylin_A,Site3m,Without_Water,0.02537674,0,
Oroxylin_A,Site3m,Without_Water,0.03884162,0.024097629,
Quercitin,Site1,With_Water,0,0,
Quercitin,Site1,With_Water,0.055880655,0,
Quercitin,Site1,With_Water,0.052555908,0,
Quercitin,Site1,With_Water,0.055597395,0.04100849,
Quercitin,Site1,Without_Water,0.00018794,0,
Quercitin,Site1,Without_Water,0.05959373,0,
Quercitin,Site1,Without_Water,0.05943378,0,
Quercitin,Site1,Without_Water,0.049526617,0.042185517,
Quercitin,Site2,With_Water,0,0,
Quercitin,Site2,With_Water,0.048450872,0,
Quercitin,Site2,With_Water,0.049303602,0,
Quercitin,Site2,With_Water,0.039709985,0.034366115,
Quercitin,Site2,Without_Water,0,0,
Quercitin,Site2,Without_Water,0.07043271,0,
Quercitin,Site2,Without_Water,0.052977953,0,
Quercitin,Site2,Without_Water,0.0657055,0.047279041,
Quercitin,Site3d,With_Water,0,0,
Quercitin,Site3d,With_Water,0.04474974,0,
Quercitin,Site3d,With_Water,0.05689914,0,
Quercitin,Site3d,With_Water,0.054504085,0.039038241,
Quercitin,Site3d,Without_Water,0,0,
Quercitin,Site3d,Without_Water,0.049192075,0,
Quercitin,Site3d,Without_Water,0.05837724,0,
Quercitin,Site3d,Without_Water,0.04300778,0.037644274,
Quercitin,Site3m,With_Water,0,0,
Quercitin,Site3m,With_Water,0.030831823,0,
Quercitin,Site3m,With_Water,0.06436813,0,
Quercitin,Site3m,With_Water,0.069118075,0.041079507,
Quercitin,Site3m,Without_Water,0.00018794,0,
Quercitin,Site3m,Without_Water,0.053970724,0,
Quercitin,Site3m,Without_Water,0.063270345,0,
Quercitin,Site3m,Without_Water,0.0461471,0.040894027,
Remdesivir,Site1,With_Water,0,0,
Remdesivir,Site1,With_Water,0.35341287,0,
Remdesivir,Site1,With_Water,0.5684981,0,
Remdesivir,Site1,With_Water,0.63674206,0.389663258,
Remdesivir,Site1,Without_Water,0,0,
Remdesivir,Site1,Without_Water,0.44825947,0,
Remdesivir,Site1,Without_Water,0.6475309,0,
Remdesivir,Site1,Without_Water,0.6001645,0.423988718,
Remdesivir,Site2,With_Water,0,0,
Remdesivir,Site2,With_Water,0.14042255,0,
Remdesivir,Site2,With_Water,0.6154713,0,
Remdesivir,Site2,With_Water,0.6041278,0.340005413,
Remdesivir,Site2,Without_Water,0,0,
Remdesivir,Site2,Without_Water,0.15440361,0,
Remdesivir,Site2,Without_Water,0.6271901,0,
Remdesivir,Site2,Without_Water,0.58150804,0.340775438,
Remdesivir,Site3d,With_Water,0,0,
Remdesivir,Site3d,With_Water,0.16563801,0,
Remdesivir,Site3d,With_Water,0.59902674,0,
Remdesivir,Site3d,With_Water,0.63600355,0.350167075,
Remdesivir,Site3d,Without_Water,0,0,
Remdesivir,Site3d,Without_Water,0.38871416,0,
Remdesivir,Site3d,Without_Water,0.625813,0,
Remdesivir,Site3d,Without_Water,0.60373306,0.404565055,
Remdesivir,Site3m,With_Water,0,0,
Remdesivir,Site3m,With_Water,0.12825309,0,
Remdesivir,Site3m,With_Water,0.5660411,0,
Remdesivir,Site3m,With_Water,0.5625082,0.314200598,
Remdesivir,Site3m,Without_Water,0,0,
Remdesivir,Site3m,Without_Water,0.20258765,0,
Remdesivir,Site3m,Without_Water,0.6050017,0,
Remdesivir,Site3m,Without_Water,0.6156804,0.355817438,
Rhein,Site1,With_Water,0,0,
Rhein,Site1,With_Water,0.037671886,0,
Rhein,Site1,With_Water,0.033009622,0,
Rhein,Site1,With_Water,0.024640594,0.023830526,
Rhein,Site1,Without_Water,0,0,
Rhein,Site1,Without_Water,0.0426671,0,
Rhein,Site1,Without_Water,0.07586752,0,
Rhein,Site1,Without_Water,0.07464269,0.048294328,
Rhein,Site2,With_Water,0,0,
Rhein,Site2,With_Water,0.03615805,0,
Rhein,Site2,With_Water,0.051033948,0,
Rhein,Site2,With_Water,0.03347983,0.030167957,
Rhein,Site2,Without_Water,0,0,
Rhein,Site2,Without_Water,0.012047617,0,
Rhein,Site2,Without_Water,0.03320094,0,
Rhein,Site2,Without_Water,0.04780995,0.023264627,
Rhein,Site3d,With_Water,0,0,
Rhein,Site3d,With_Water,0.024963252,0,
Rhein,Site3d,With_Water,0.040751424,0,
Rhein,Site3d,With_Water,0.04953965,0.028813582,
Rhein,Site3d,Without_Water,0,0,
Rhein,Site3d,Without_Water,0.03535472,0,
Rhein,Site3d,Without_Water,0.03543877,0,
Rhein,Site3d,Without_Water,0.021380873,0.023043591,
Rhein,Site3m,With_Water,0,0,
Rhein,Site3m,With_Water,0.06389796,0,
Rhein,Site3m,With_Water,0.025485165,0,
Rhein,Site3m,With_Water,0.035042845,0.031106493,
Rhein,Site3m,Without_Water,0,0,
Rhein,Site3m,Without_Water,0.04422536,0,
Rhein,Site3m,Without_Water,0.044355955,0,
Rhein,Site3m,Without_Water,0.03498274,0.030891014,
Ritonavir,Site1,With_Water,0,0,
Ritonavir,Site1,With_Water,0.44546267,0,
Ritonavir,Site1,With_Water,0.3628293,0,
Ritonavir,Site1,With_Water,0.3947943,0.300771568,
Ritonavir,Site1,Without_Water,0,0,
Ritonavir,Site1,Without_Water,0.440771,0,
Ritonavir,Site1,Without_Water,0.42990702,0,
Ritonavir,Site1,Without_Water,0.24124733,0.277981338,
Ritonavir,Site2,With_Water,0,0,
Ritonavir,Site2,With_Water,0.45730868,0,
Ritonavir,Site2,With_Water,0.22861947,0,
Ritonavir,Site2,With_Water,0.2430819,0.232252513,
Ritonavir,Site2,Without_Water,0,0,
Ritonavir,Site2,Without_Water,0.30521774,0,
Ritonavir,Site2,Without_Water,0.35806108,0,
Ritonavir,Site2,Without_Water,0.3145926,0.244467855,
Ritonavir,Site3d,With_Water,0,0,
Ritonavir,Site3d,With_Water,0.43621662,0,
Ritonavir,Site3d,With_Water,0.29744458,0,
Ritonavir,Site3d,With_Water,0.13363281,0.216823503,
Ritonavir,Site3d,Without_Water,0,0,
Ritonavir,Site3d,Without_Water,0.17788714,0,
Ritonavir,Site3d,Without_Water,0.44607744,0,
Ritonavir,Site3d,Without_Water,0.425805,0.262442395,
Ritonavir,Site3m,With_Water,0,0,
Ritonavir,Site3m,With_Water,0.42047268,0,
Ritonavir,Site3m,With_Water,0.090930894,0,
Ritonavir,Site3m,With_Water,0.45105127,0.240613711,
Ritonavir,Site3m,Without_Water,0.000265787,0,
Ritonavir,Site3m,Without_Water,0.1197722,0,
Ritonavir,Site3m,Without_Water,0.11612428,0,
Ritonavir,Site3m,Without_Water,0.44364956,0.169952957,
Rutin,Site1,With_Water,0,0,
Rutin,Site1,With_Water,0.40307444,0,
Rutin,Site1,With_Water,0.40176803,0,
Rutin,Site1,With_Water,0.050967295,0.213952441,
Rutin,Site1,Without_Water,0.000189704,0,
Rutin,Site1,Without_Water,0.06415483,0,
Rutin,Site1,Without_Water,0.04900873,0,
Rutin,Site1,Without_Water,0.056284014,0.04240932,
Rutin,Site2,With_Water,0,0,
Rutin,Site2,With_Water,0.051654283,0,
Rutin,Site2,With_Water,0.39011616,0,
Rutin,Site2,With_Water,0.052474752,0.123561299,
Rutin,Site2,Without_Water,0,0,
Rutin,Site2,Without_Water,0.1974837,0,
Rutin,Site2,Without_Water,0.06009225,0,
Rutin,Site2,Without_Water,0.049347185,0.076730784,
Rutin,Site3d,With_Water,0,0,
Rutin,Site3d,With_Water,0.04033525,0,
Rutin,Site3d,With_Water,0.044255204,0,
Rutin,Site3d,With_Water,0.12425905,0.052212376,
Rutin,Site3d,Without_Water,0,0,
Rutin,Site3d,Without_Water,0.051262993,0,
Rutin,Site3d,Without_Water,0.051660553,0,
Rutin,Site3d,Without_Water,0.045689203,0.037153187,
Rutin,Site3m,With_Water,0,0,
Rutin,Site3m,With_Water,0.047008395,0,
Rutin,Site3m,With_Water,0.04449566,0,
Rutin,Site3m,With_Water,0.049453903,0.03523949,
Rutin,Site3m,Without_Water,0,0,
Rutin,Site3m,Without_Water,0.057281893,0,
Rutin,Site3m,Without_Water,0.04268557,0,
Rutin,Site3m,Without_Water,0.056487292,0.039113689,
Scutellarein,Site1,Without_Water,0,0,
Scutellarein,Site1,Without_Water,0.014192111,0,
Scutellarein,Site1,Without_Water,0.45196313,0,
Scutellarein,Site1,Without_Water,0.44381878,0.227493505,
Scutellarein,Site2,With_Water,0,0,
Scutellarein,Site2,With_Water,0.107033834,0,
Scutellarein,Site2,With_Water,0.45039365,0,
Scutellarein,Site2,With_Water,0.44065776,0.249521311,
Scutellarein,Site2,Without_Water,0,0,
Scutellarein,Site2,Without_Water,0.10371719,0,
Scutellarein,Site2,Without_Water,0.4572357,0,
Scutellarein,Site2,Without_Water,0.452876,0.253457223,
Scutellarein,Site3d,With_Water,0,0,
Scutellarein,Site3d,With_Water,0.10488245,0,
Scutellarein,Site3d,With_Water,0.4403449,0,
Scutellarein,Site3d,With_Water,0.43709064,0.245579498,
Scutellarein,Site3d,Without_Water,0,0,
Scutellarein,Site3d,Without_Water,0.03907861,0,
Scutellarein,Site3d,Without_Water,0.4505637,0,
Scutellarein,Site3d,Without_Water,0.44744995,0.234273065,
Scutellarein,Site3m,With_Water,0,0,
Scutellarein,Site3m,With_Water,0.05250202,0,
Scutellarein,Site3m,With_Water,0.453711,0,
Scutellarein,Site3m,With_Water,0.45177433,0.239496838,
Scutellarein,Site3m,Without_Water,0,0,
Scutellarein,Site3m,Without_Water,0.051061425,0,
Scutellarein,Site3m,Without_Water,0.44977713,0,
Scutellarein,Site3m,Without_Water,0.44953224,0.237592699,
Scutellarein,Site1,WW,0,0,
Scutellarein,Site1,WW,0.44672126,0,
Scutellarein,Site1,WW,0.099263534,0,
Scutellarein,Site1,WW,0.44160265,0.246896861,
Scutellarein,Site1,WOW,0,0,
Scutellarein,Site1,WOW,0.45196313,0,
Scutellarein,Site1,WOW,0.014192111,0,
Scutellarein,Site1,WOW,0.44381878,0.227493505,
Scutellarein,Site2,WW,0,0,
Scutellarein,Site2,WW,0.45039365,0,
Scutellarein,Site2,WW,0.107033834,0,
Scutellarein,Site2,WW,0.44065776,0.249521311,
Scutellarein,Site2,WOW,0,0,
Scutellarein,Site2,WOW,0.4572357,0,
Scutellarein,Site2,WOW,0.10371719,0,
Scutellarein,Site2,WOW,0.452876,0.253457223,
Theaflavin_Digallate,Site1,With_Water,0,0,
Theaflavin_Digallate,Site1,With_Water,0.05206571,0,
Theaflavin_Digallate,Site1,With_Water,0.11059155,0,
Theaflavin_Digallate,Site1,With_Water,0.1088179,0.06786879,
Theaflavin_Digallate,Site1,Without_Water,0,0,
Theaflavin_Digallate,Site1,Without_Water,0.053465348,0,
Theaflavin_Digallate,Site1,Without_Water,0.055505533,0,
Theaflavin_Digallate,Site1,Without_Water,0.048789438,0.03944008,
Theaflavin_Digallate,Site2,With_Water,0,0,
Theaflavin_Digallate,Site2,With_Water,0.03251111,0,
Theaflavin_Digallate,Site2,With_Water,0.024761101,0,
Theaflavin_Digallate,Site2,With_Water,0.023442853,0.020178766,
Theaflavin_Digallate,Site2,Without_Water,0,0,
Theaflavin_Digallate,Site2,Without_Water,0.024347153,0,
Theaflavin_Digallate,Site2,Without_Water,0.024778327,0,
Theaflavin_Digallate,Site2,Without_Water,0.024577986,0.018425867,
Theaflavin_Digallate,Site3d,With_Water,0,0,
Theaflavin_Digallate,Site3d,With_Water,0.023753397,0,
Theaflavin_Digallate,Site3d,With_Water,0.029902257,0,
Theaflavin_Digallate,Site3d,With_Water,0.032685872,0.021585382,
Theaflavin_Digallate,Site3d,Without_Water,0.000224039,0,
Theaflavin_Digallate,Site3d,Without_Water,0.028480258,0,
Theaflavin_Digallate,Site3d,Without_Water,0.0272969,0,
Theaflavin_Digallate,Site3d,Without_Water,0.02545775,0.020364737,
Theaflavin_Digallate,Site3m,With_Water,0,0,
Theaflavin_Digallate,Site3m,With_Water,0.022663383,0,
Theaflavin_Digallate,Site3m,With_Water,0.03116556,0,
Theaflavin_Digallate,Site3m,With_Water,0.02627852,0.020026866,
Theaflavin_Digallate,Site3m,Without_Water,0.000224039,0,
Theaflavin_Digallate,Site3m,Without_Water,0.026300477,0,
Theaflavin_Digallate,Site3m,Without_Water,0.024236608,0,
Theaflavin_Digallate,Site3m,Without_Water,0.028680466,0.019860398,
Wogonin,Site1,With_Water,0,0,
Wogonin,Site1,With_Water,0.10447532,0,
Wogonin,Site1,With_Water,0.02847108,0,
Wogonin,Site1,With_Water,0.10447532,0.05935543,
Wogonin,Site1,Without_Water,0,0,
Wogonin,Site1,Without_Water,0.106040396,0,
Wogonin,Site1,Without_Water,0.054661904,0,
Wogonin,Site1,Without_Water,0.111717865,0.068105041,
Wogonin,Site2,With_Water,0,0,
Wogonin,Site2,With_Water,0.031921145,0,
Wogonin,Site2,With_Water,0.10722087,0,
Wogonin,Site2,With_Water,0.017394353,0.039134092,
Wogonin,Site2,Without_Water,0,0,
Wogonin,Site2,Without_Water,0.038802367,0,
Wogonin,Site2,Without_Water,0.10118098,0,
Wogonin,Site2,Without_Water,0.10330592,0.060822317,
Wogonin,Site3d,With_Water,0,0,
Wogonin,Site3d,With_Water,0.019646611,0,
Wogonin,Site3d,With_Water,0.104815684,0,
Wogonin,Site3d,With_Water,0.111818306,0.05907015,
Wogonin,Site3d,Without_Water,0,0,
Wogonin,Site3d,Without_Water,0.10816083,0,
Wogonin,Site3d,Without_Water,0.01873593,0,
Wogonin,Site3d,Without_Water,0.03081542,0.039428045,
Wogonin,Site3m,With_Water,0.000143986,0,
Wogonin,Site3m,With_Water,0.035434965,0,
Wogonin,Site3m,With_Water,0.046350613,0,
Wogonin,Site3m,With_Water,0.015000856,0.024232605,
Wogonin,Site3m,Without_Water,0,0,
Wogonin,Site3m,Without_Water,0.11099382,0,
Wogonin,Site3m,Without_Water,0.10277131,0,
Wogonin,Site3m,Without_Water,0.11211799,0.08147078,
Wogonoside,Site1,With_Water,0,0,
Wogonoside,Site1,With_Water,0.1525344,0,
Wogonoside,Site1,With_Water,0.08717499,0,
Wogonoside,Site1,With_Water,0.1525344,0.098060948,
Wogonoside,Site1,Without_Water,0,0,
Wogonoside,Site1,Without_Water,0.101564355,0,
Wogonoside,Site1,Without_Water,0.309284,0,
Wogonoside,Site1,Without_Water,0.3060808,0.179232289,
Wogonoside,Site2,With_Water,0,0,
Wogonoside,Site2,With_Water,0.04142719,0,
Wogonoside,Site2,With_Water,0.035576344,0,
Wogonoside,Site2,With_Water,0.045141455,0.030536247,
Wogonoside,Site2,Without_Water,0.000224039,0,
Wogonoside,Site2,Without_Water,0.07842894,0,
Wogonoside,Site2,Without_Water,0.10833753,0,
Wogonoside,Site2,Without_Water,0.11354723,0.075134435,
Wogonoside,Site3d,With_Water,0,0,
Wogonoside,Site3d,With_Water,0.057905257,0,
Wogonoside,Site3d,With_Water,0.07362973,0,
Wogonoside,Site3d,With_Water,0.09294424,0.056119807,
Wogonoside,Site3m,With_Water,0,0,
Wogonoside,Site3m,With_Water,0.25886154,0,
Wogonoside,Site3m,With_Water,0.039207432,0,
Wogonoside,Site3m,With_Water,0.04051728,0.084646563,
